Position,Number,Name,Pos_in_swim,Swim_time,T1,Pos_in_bike,Bike_time,T2,Pos_in_run,Run_time,Race_control,Time,Rank,Category
29.,26,MERLE Audrey,11,19:03,1:28,53,1:22:40,1:03,26,25:45,Finish,2:10:01,1/10,ELF
42.,25,CORNELISSE Eva,32,20:10,1:32,64,1:24:20,56,67,28:04,Finish,2:15:05,2/10,ELF
57.,20,MERLE Célia,21,19:26,1:37,122,1:29:22,1:07,69,28:06,Finish,2:19:40,3/10,ELF
59.,1195,CORNET Fiona,92,23:31,1:51,70,1:25:06,1:13,74,28:14,Finish,2:19:58,4/10,ELF
62.,184,DUPONT Jeanne,324,27:27,2:36,59,1:23:49,54,27,25:49,Finish,2:20:36,5/10,ELF
105.,21,JOLIVET Lucie,59,22:02,1:47,188,1:33:56,1:22,110,29:11,Finish,2:28:19,6/10,ELF
110.,1119,BELDMAN-BORGERINK Mariel,64,22:05,2:20,138,1:31:04,1:19,292,32:47,Finish,2:29:37,1/81,F30-34
125.,194,FOLTZ Appoline,12,19:13,1:31,277,1:38:17,56,188,31:14,Finish,2:31:13,7/10,ELF
132.,1643,SANCHEZ AYMERICH Ivette,46,21:14,2:40,197,1:34:29,1:02,259,32:22,Finish,2:31:50,1/8,F18-19
135.,565,AUSSET Laurie,205,25:41,3:32,155,1:31:52,1:24,127,29:45,Finish,2:32:16,1/51,F35-39
143.,825,VALETTE Marine,120,24:20,2:25,257,1:37:26,1:20,76,28:18,Finish,2:33:51,2/8,F18-19
144.,83,FARDEAU Maëlys,48,21:30,1:50,248,1:37:06,1:02,270,32:29,Finish,2:34:00,1/26,F20-24
147.,1649,SCHMIDT Valérie,173,25:14,2:30,164,1:32:45,1:05,286,32:41,Finish,2:34:16,1/40,F40-44
148.,101,SARRADIN Sibyle,73,23:02,2:06,290,1:38:49,58,119,29:32,Finish,2:34:29,2/26,F20-24
151.,67,CHRISTIAEN Typhaine,215,25:46,1:58,198,1:34:30,1:27,167,30:50,Finish,2:34:33,1/93,F25-29
155.,275,DEWILDE Charlotte,219,25:53,2:40,212,1:35:05,1:47,122,29:37,Finish,2:35:05,2/93,F25-29
172.,128,PIOCHE Clémentine,294,26:50,2:01,231,1:36:17,1:00,164,30:43,Finish,2:36:53,2/81,F30-34
187.,240,VAN DER SCHOEPEN Anneleen,555,29:42,2:41,219,1:35:30,1:46,89,28:39,Finish,2:38:19,3/93,F25-29
193.,23,LEURS Zoé,109,23:57,2:12,312,1:39:36,1:08,230,31:58,Finish,2:38:52,8/10,ELF
196.,1000,UEBELHART Jacqueline,212,25:43,2:52,206,1:34:47,1:17,401,34:20,Finish,2:39:02,1/52,F45-49
215.,1124,EELKEMA Ingrid,54,21:50,1:44,398,1:43:51,1:03,228,31:57,Finish,2:40:28,2/40,F40-44
222.,419,RIOUX Louise,108,23:57,2:14,307,1:39:24,1:24,356,33:49,Finish,2:40:51,4/93,F25-29
223.,709,CLARK Jen,78,23:08,2:29,355,1:41:48,1:39,212,31:46,Finish,2:40:51,3/81,F30-34
242.,779,BROGLIA Sophie,189,25:28,2:43,301,1:39:11,1:06,361,33:52,Finish,2:42:22,4/81,F30-34
247.,418,BEYNEL Amélie,137,24:49,2:01,377,1:42:46,1:02,224,31:56,Finish,2:42:36,3/8,F18-19
260.,1260,LAFARGE Romane,916,33:12,2:37,232,1:36:18,1:26,148,30:13,Finish,2:43:49,5/81,F30-34
264.,340,LIZON AU CIRE Kelly,200,25:36,3:31,291,1:38:50,1:45,417,34:30,Finish,2:44:14,5/93,F25-29
266.,513,BELTRAN DE OTALORA YOLLER Eider,589,29:57,4:43,258,1:37:42,1:13,163,30:42,Finish,2:44:20,6/81,F30-34
267.,105,CONAN Coraline,573,29:51,4:26,230,1:36:15,1:18,283,32:38,Finish,2:44:30,6/93,F25-29
269.,437,CAZIER Chloé,56,21:58,2:19,403,1:44:02,1:16,464,35:13,Finish,2:44:49,7/93,F25-29
272.,549,IMBO Kristel,94,23:36,1:22,357,1:41:48,48,642,37:32,Finish,2:45:09,8/93,F25-29
275.,60,METAUT Gaelle,333,27:33,3:32,319,1:39:59,1:49,260,32:24,Finish,2:45:19,2/51,F35-39
277.,119,LENNOZ GRATIN Cécile,695,30:53,2:28,332,1:41:01,1:21,124,29:43,Finish,2:45:28,1/43,F50-54
279.,580,BESCHE MOURIER Magali,313,27:17,1:53,381,1:42:53,1:29,231,31:58,Finish,2:45:32,3/40,F40-44
288.,383,TECHER Aurelia,541,29:34,2:43,288,1:38:44,1:26,338,33:34,Finish,2:46:03,4/40,F40-44
292.,523,RODRIGUEZ SANCHEZ Ester,235,26:08,2:30,471,1:46:50,1:06,120,29:34,Finish,2:46:11,3/51,F35-39
300.,409,ARNOLD Louisa,251,26:19,2:55,412,1:44:23,1:22,229,31:58,Finish,2:46:59,3/26,F20-24
314.,90,BEAULIEU Alizée,79,23:08,1:49,574,1:50:00,1:01,251,32:17,Finish,2:48:17,4/26,F20-24
318.,514,GOMEZ ULLA Alejandra,302,27:00,2:31,390,1:43:33,1:23,360,33:51,Finish,2:48:21,4/51,F35-39
320.,735,WAUGH Helen,80,23:11,2:03,628,1:51:53,1:08,144,30:06,Finish,2:48:23,2/52,F45-49
323.,998,SOLARI Mara,606,30:03,2:56,349,1:41:32,1:58,235,32:02,Finish,2:48:33,7/81,F30-34
334.,1017,MAURIN Estelle,291,26:48,1:52,402,1:44:01,1:11,494,35:37,Finish,2:49:31,9/93,F25-29
336.,1209,BABAULT Méryl,163,25:09,2:01,507,1:48:03,1:28,296,32:50,Finish,2:49:33,10/93,F25-29
339.,575,FILOUSE Céline,287,26:45,2:51,386,1:43:04,1:28,480,35:27,Finish,2:49:38,8/81,F30-34
347.,392,PERU Agathe,101,23:49,2:04,469,1:46:45,1:09,545,36:19,Finish,2:50:08,5/26,F20-24
348.,410,PETRISSANS Lucie,188,25:28,2:18,561,1:49:34,1:20,201,31:30,Finish,2:50:11,11/93,F25-29
350.,59,MICHEAUX Claire,955,33:47,4:50,315,1:39:46,1:49,137,30:02,Finish,2:50:17,5/51,F35-39
367.,1046,FICHE Sandra,230,26:04,2:38,435,1:45:32,1:16,527,36:06,Finish,2:51:37,12/93,F25-29
368.,1463,HALLONET Léa,199,25:36,3:30,442,1:45:40,1:48,455,35:05,Finish,2:51:41,13/93,F25-29
378.,229,BAETENS Elke,997,34:14,4:21,268,1:38:04,1:51,373,34:01,Finish,2:52:34,6/51,F35-39
384.,341,DECOCK Agathe,314,27:18,2:31,437,1:45:33,1:49,488,35:33,Finish,2:52:46,9/81,F30-34
395.,849,BUROH Johanna,355,27:46,2:48,451,1:46:00,1:23,470,35:18,Finish,2:53:17,4/8,F18-19
406.,125,VILLETTE Perrine,409,28:20,3:28,520,1:48:18,1:22,288,32:41,Finish,2:54:11,6/26,F20-24
408.,38,MILLIERE Marie,442,28:41,2:11,473,1:46:53,1:23,458,35:08,Finish,2:54:18,10/81,F30-34
409.,251,MINET Véronique,486,29:02,3:17,487,1:47:29,1:38,303,33:00,Finish,2:54:28,7/51,F35-39
416.,832,ZANTE Juliette,220,25:56,3:03,382,1:42:57,1:08,955,41:59,Finish,2:55:05,7/26,F20-24
423.,767,GUIRAL Aurélie,115,24:05,4:50,696,1:54:07,1:47,165,30:47,Finish,2:55:38,11/81,F30-34
428.,696,VINCENT Rachel,415,28:27,2:39,592,1:50:45,1:26,279,32:33,Finish,2:55:53,3/52,F45-49
442.,566,LOMBARDI Elena,288,26:46,2:52,573,1:49:59,1:31,486,35:31,Finish,2:56:41,14/93,F25-29
444.,757,LOUGHRAN Gretta,254,26:22,2:25,639,1:52:14,1:39,379,34:03,Finish,2:56:45,5/40,F40-44
447.,854,SCHILLING Henriette,184,25:24,2:30,691,1:54:02,1:46,323,33:22,Finish,2:57:05,8/51,F35-39
449.,1023,SECQ Manon,429,28:37,3:13,432,1:45:27,1:24,721,38:36,Finish,2:57:19,15/93,F25-29
452.,1103,OUDE WEERNINK Tess,326,27:29,1:59,558,1:49:24,1:31,605,37:06,Finish,2:57:30,16/93,F25-29
453.,462,TRIBEL Léo,1363,41:33,2:01,310,1:39:32,54,333,33:29,Finish,2:57:31,12/81,F30-34
459.,923,HUBERT Aline,341,27:40,4:21,549,1:49:06,1:11,475,35:24,Finish,2:57:44,13/81,F30-34
468.,458,TRASBOT Emeline,649,30:29,2:50,565,1:49:41,1:05,363,33:52,Finish,2:57:59,8/26,F20-24
469.,242,SESTIER CARLIN Sandrine,282,26:42,3:43,599,1:51:01,1:51,432,34:44,Finish,2:58:04,6/40,F40-44
480.,460,BORCA Ninon,846,32:21,3:20,513,1:48:08,1:38,319,33:15,Finish,2:58:44,9/26,F20-24
484.,908,AYRAULT Laura,510,29:15,3:50,535,1:48:38,1:40,483,35:29,Finish,2:58:54,14/81,F30-34
492.,1062,BELLEGO Valérie,65,22:07,2:47,643,1:52:28,1:47,850,40:25,Finish,2:59:36,2/43,F50-54
498.,1605,QUARTELLI Pauline,652,30:31,4:07,514,1:48:12,2:03,463,35:12,Finish,3:00:06,15/81,F30-34
406.,125,VILLETTE Perrine,409,28:20,3:28,520,1:48:18,1:22,288,32:41,Finish,2:54:11,6/26,F20-24
408.,38,MILLIERE Marie,442,28:41,2:11,473,1:46:53,1:23,458,35:08,Finish,2:54:18,10/81,F30-34
409.,251,MINET Véronique,486,29:02,3:17,487,1:47:29,1:38,303,33:00,Finish,2:54:28,7/51,F35-39
416.,832,ZANTE Juliette,220,25:56,3:03,382,1:42:57,1:08,955,41:59,Finish,2:55:05,7/26,F20-24
423.,767,GUIRAL Aurélie,115,24:05,4:50,696,1:54:07,1:47,165,30:47,Finish,2:55:38,11/81,F30-34
428.,696,VINCENT Rachel,415,28:27,2:39,592,1:50:45,1:26,279,32:33,Finish,2:55:53,3/52,F45-49
442.,566,LOMBARDI Elena,288,26:46,2:52,573,1:49:59,1:31,486,35:31,Finish,2:56:41,14/93,F25-29
444.,757,LOUGHRAN Gretta,254,26:22,2:25,639,1:52:14,1:39,379,34:03,Finish,2:56:45,5/40,F40-44
447.,854,SCHILLING Henriette,184,25:24,2:30,691,1:54:02,1:46,323,33:22,Finish,2:57:05,8/51,F35-39
449.,1023,SECQ Manon,429,28:37,3:13,432,1:45:27,1:24,721,38:36,Finish,2:57:19,15/93,F25-29
452.,1103,OUDE WEERNINK Tess,326,27:29,1:59,558,1:49:24,1:31,605,37:06,Finish,2:57:30,16/93,F25-29
453.,462,TRIBEL Léo,1363,41:33,2:01,310,1:39:32,54,333,33:29,Finish,2:57:31,12/81,F30-34
459.,923,HUBERT Aline,341,27:40,4:21,549,1:49:06,1:11,475,35:24,Finish,2:57:44,13/81,F30-34
468.,458,TRASBOT Emeline,649,30:29,2:50,565,1:49:41,1:05,363,33:52,Finish,2:57:59,8/26,F20-24
469.,242,SESTIER CARLIN Sandrine,282,26:42,3:43,599,1:51:01,1:51,432,34:44,Finish,2:58:04,6/40,F40-44
480.,460,BORCA Ninon,846,32:21,3:20,513,1:48:08,1:38,319,33:15,Finish,2:58:44,9/26,F20-24
484.,908,AYRAULT Laura,510,29:15,3:50,535,1:48:38,1:40,483,35:29,Finish,2:58:54,14/81,F30-34
492.,1062,BELLEGO Valérie,65,22:07,2:47,643,1:52:28,1:47,850,40:25,Finish,2:59:36,2/43,F50-54
498.,1605,QUARTELLI Pauline,652,30:31,4:07,514,1:48:12,2:03,463,35:12,Finish,3:00:06,15/81,F30-34
602.,1460,TREGER Cynthia,599,30:00,4:34,733,1:55:34,2:00,378,34:03,Finish,3:06:14,11/40,F40-44
607.,139,PIERRET Claire,773,31:35,3:33,732,1:55:30,1:46,388,34:09,Finish,3:06:35,17/81,F30-34
610.,762,HOGAN Shauna Hogan,520,29:17,2:26,821,1:59:05,1:31,396,34:15,Finish,3:06:36,18/81,F30-34
613.,1399,MAGANA Fanny,255,26:24,3:05,808,1:58:42,3:35,437,34:50,Finish,3:06:38,10/26,F20-24
614.,281,MONFORT Emilie,-,,,-,,,-,,Finish,3:06:43,13/51,F35-39
615.,401,BAIS Camille,726,31:15,3:27,683,1:53:53,2:00,528,36:06,Finish,3:06:43,11/26,F20-24
621.,845,STEUNEBRINK Mirjam,499,29:07,3:40,689,1:53:58,2:33,650,37:41,Finish,3:07:01,7/52,F45-49
622.,176,CARREIRA NEVES Amandine,248,26:15,2:08,825,1:59:10,1:19,703,38:15,Finish,3:07:10,24/93,F25-29
624.,1139,KOSTER Diana Martha,545,29:37,2:54,736,1:55:39,2:42,547,36:22,Finish,3:07:16,14/51,F35-39
625.,1622,BLANQUET Ludivine,524,29:19,4:31,686,1:53:54,1:21,695,38:12,Finish,3:07:18,25/93,F25-29
629.,54,BELLEC Axelle,878,32:46,3:24,724,1:55:08,1:30,423,34:34,Finish,3:07:23,15/51,F35-39
633.,214,LEJEUNE Valérie,394,28:08,2:57,759,1:56:46,1:29,710,38:20,Finish,3:07:42,5/43,F50-54
644.,1580,ARTOIS Elodie,177,25:17,4:08,834,1:59:23,1:48,639,37:30,Finish,3:08:09,26/93,F25-29
653.,366,GATIGNOL Barbara,594,29:59,2:59,743,1:55:52,1:46,670,37:52,Finish,3:08:31,12/26,F20-24
658.,131,LAMY Cassandra,203,25:40,2:28,946,2:03:37,1:22,484,35:30,Finish,3:08:39,19/81,F30-34
659.,440,VEROLLET Sophie,528,29:23,3:21,787,1:57:49,1:33,563,36:35,Finish,3:08:43,20/81,F30-34
660.,861,SCHMIDT Frauke,1226,37:29,3:42,491,1:47:35,2:15,647,37:40,Finish,3:08:43,21/81,F30-34
660.,1412,DEVAUX Elise,466,28:52,3:28,840,1:59:44,1:51,434,34:47,Finish,3:08:43,21/81,F30-34
662.,1391,GUILLOU Coline,309,27:12,3:30,782,1:57:41,1:38,728,38:42,Finish,3:08:45,27/93,F25-29
663.,1630,CHARPENTIER Barbara,434,28:38,3:07,704,1:54:24,1:43,886,40:56,Finish,3:08:50,6/43,F50-54
665.,911,BRIOT Pauline,103,23:53,3:09,693,1:54:03,2:18,1149,45:28,Finish,3:08:54,28/93,F25-29
666.,330,LEVY Juliette,875,32:45,3:27,647,1:52:42,1:55,686,38:04,Finish,3:08:55,29/93,F25-29
668.,402,AKKAD Milène,181,25:22,3:08,847,2:00:07,1:55,712,38:26,Finish,3:09:00,23/81,F30-34
673.,237,MOLINGHEN Laurie,932,33:23,3:44,466,1:46:42,1:49,1056,43:34,Finish,3:09:14,24/81,F30-34
674.,1072,RONGER Marjorie,1082,35:04,3:22,611,1:51:17,1:52,660,37:47,Finish,3:09:25,12/40,F40-44
678.,296,VERSCHRAEGEN Katrien,689,30:48,3:28,714,1:54:52,1:41,741,38:53,Finish,3:09:43,13/40,F40-44
681.,370,DUGELAY Christine,841,32:20,4:27,625,1:51:41,1:49,803,39:36,Finish,3:09:56,7/43,F50-54
684.,454,BRUCKERT Carolanne,265,26:31,3:23,784,1:57:46,1:22,891,41:01,Finish,3:10:04,25/81,F30-34
686.,903,ROUE Amélie,828,32:07,4:28,710,1:54:45,2:17,558,36:30,Finish,3:10:09,26/81,F30-34
689.,1433,LEPERCQ Edith,1196,36:41,5:18,641,1:52:22,2:25,339,33:35,Finish,3:10:23,16/51,F35-39
690.,387,GABRIEL Manon,632,30:21,2:56,792,1:58:02,1:16,676,37:56,Finish,3:10:34,17/51,F35-39
692.,1547,LACOUR Céliane,1181,36:23,3:35,506,1:48:01,2:45,818,39:50,Finish,3:10:36,30/93,F25-29
693.,810,FLOQUET Pauline,89,23:17,2:03,895,2:01:47,1:33,959,42:00,Finish,3:10:43,31/93,F25-29
695.,132,DAVOURIE Aurelie,664,30:35,3:52,778,1:57:21,1:30,644,37:33,Finish,3:10:53,14/40,F40-44
703.,793,DELBECQ Clara,757,31:29,3:06,786,1:57:48,1:43,606,37:06,Finish,3:11:15,8/43,F50-54
707.,381,EON Pauline,676,30:41,4:40,757,1:56:35,1:34,679,37:57,Finish,3:11:29,32/93,F25-29
708.,1537,VIDAL Vanessa,207,25:41,2:23,900,2:01:53,1:28,834,40:10,Finish,3:11:37,8/52,F45-49
710.,93,BONNARD Jaadhes,197,25:34,2:59,882,2:01:17,1:43,838,40:13,Finish,3:11:48,33/93,F25-29
711.,180,COOLS Roxanne,498,29:06,3:18,793,1:58:05,2:26,739,38:52,Finish,3:11:49,13/26,F20-24
716.,1317,THONNELIER SARRAT Laure,1233,37:39,3:39,595,1:50:49,1:46,689,38:07,Finish,3:12:01,15/40,F40-44
718.,369,BUFFEL Caroline,440,28:40,3:52,761,1:56:50,2:08,859,40:35,Finish,3:12:07,27/81,F30-34
723.,853,KLEIN Nicole,132,24:34,3:31,873,2:00:59,2:28,883,40:50,Finish,3:12:25,9/52,F45-49
724.,333,MOINE Virginie,1422,47:25,5:32,387,1:43:05,2:47,341,33:36,Finish,3:12:27,10/52,F45-49
726.,787,SIAUVE Karine,417,28:28,3:08,854,2:00:21,2:00,720,38:35,Finish,3:12:35,11/52,F45-49
741.,219,VANDENBUSSCHE Goedele,976,34:03,3:40,867,2:00:46,1:29,340,33:36,Finish,3:13:36,18/51,F35-39
742.,348,ROUBY Noémie,221,25:58,3:09,928,2:02:47,1:31,837,40:13,Finish,3:13:40,5/8,F18-19
744.,837,KECK Catherine,557,29:43,3:33,791,1:58:00,1:58,853,40:26,Finish,3:13:42,9/43,F50-54
748.,1387,CHAVANEL Sophie,566,29:47,5:17,910,2:02:11,2:12,426,34:37,Finish,3:14:07,16/40,F40-44
749.,1009,HOFER Caroline,320,27:24,2:20,894,2:01:45,2:04,858,40:34,Finish,3:14:09,19/51,F35-39
752.,661,TABERHAM Julia,526,29:21,3:47,687,1:53:56,3:06,1075,44:03,Finish,3:14:15,1/13,F60-64
754.,1429,MARCHAL Lucie,1283,39:11,7:17,622,1:51:32,3:16,308,33:03,Finish,3:14:21,34/93,F25-29
755.,786,BONAIME Adeline,424,28:35,3:05,932,2:02:57,1:40,688,38:06,Finish,3:14:24,12/52,F45-49
759.,1299,THIBAUD Elise,612,30:07,3:07,887,2:01:23,1:27,719,38:35,Finish,3:14:41,28/81,F30-34
760.,1573,THELLIER Clémence,1184,36:24,3:55,742,1:55:47,1:37,593,36:59,Finish,3:14:44,14/26,F20-24
775.,349,HILGER Lise,666,30:36,3:28,823,1:59:09,4:44,628,37:25,Finish,3:15:24,20/51,F35-39
777.,482,CARIVENC Lise,651,30:30,3:13,816,1:58:56,2:11,865,40:39,Finish,3:15:30,35/93,F25-29
780.,448,ROUSSEAU Coline,459,28:47,3:01,806,1:58:35,1:36,1058,43:37,Finish,3:15:39,36/93,F25-29
782.,196,TRIQUET Sarah,1056,34:48,3:36,762,1:56:53,1:46,740,38:52,Finish,3:15:57,37/93,F25-29
783.,1492,DESPUJOLS Helena,1059,34:49,8:12,572,1:49:59,3:17,807,39:38,Finish,3:15:58,29/81,F30-34
785.,455,SAENZ Sandra,335,27:35,4:03,849,2:00:15,2:07,965,42:05,Finish,3:16:07,10/43,F50-54
786.,72,ARIS Sophie,231,26:05,2:40,890,2:01:38,1:17,1100,44:29,Finish,3:16:10,17/40,F40-44
788.,47,DIEUZAIDE Clara,209,25:42,2:55,984,2:05:44,1:28,846,40:21,Finish,3:16:12,15/26,F20-24
790.,1611,CHALAND Fanny,745,31:26,4:37,905,2:02:01,1:48,551,36:25,Finish,3:16:18,30/81,F30-34
791.,783,DUMARTIN Camille,1252,38:20,3:29,695,1:54:06,1:31,749,38:57,Finish,3:16:24,38/93,F25-29
794.,557,KANG Kang,1180,36:22,3:50,767,1:56:59,1:28,662,37:49,Finish,3:16:30,31/81,F30-34
796.,1174,ROCHA Angélique,1144,35:49,4:15,790,1:58:00,1:56,561,36:31,Finish,3:16:34,13/52,F45-49
798.,926,TARDY Camille,91,23:29,3:40,968,2:05:03,3:20,899,41:06,Finish,3:16:41,32/81,F30-34
703.,793,DELBECQ Clara,757,31:29,3:06,786,1:57:48,1:43,606,37:06,Finish,3:11:15,8/43,F50-54
707.,381,EON Pauline,676,30:41,4:40,757,1:56:35,1:34,679,37:57,Finish,3:11:29,32/93,F25-29
708.,1537,VIDAL Vanessa,207,25:41,2:23,900,2:01:53,1:28,834,40:10,Finish,3:11:37,8/52,F45-49
710.,93,BONNARD Jaadhes,197,25:34,2:59,882,2:01:17,1:43,838,40:13,Finish,3:11:48,33/93,F25-29
711.,180,COOLS Roxanne,498,29:06,3:18,793,1:58:05,2:26,739,38:52,Finish,3:11:49,13/26,F20-24
716.,1317,THONNELIER SARRAT Laure,1233,37:39,3:39,595,1:50:49,1:46,689,38:07,Finish,3:12:01,15/40,F40-44
718.,369,BUFFEL Caroline,440,28:40,3:52,761,1:56:50,2:08,859,40:35,Finish,3:12:07,27/81,F30-34
723.,853,KLEIN Nicole,132,24:34,3:31,873,2:00:59,2:28,883,40:50,Finish,3:12:25,9/52,F45-49
724.,333,MOINE Virginie,1422,47:25,5:32,387,1:43:05,2:47,341,33:36,Finish,3:12:27,10/52,F45-49
726.,787,SIAUVE Karine,417,28:28,3:08,854,2:00:21,2:00,720,38:35,Finish,3:12:35,11/52,F45-49
741.,219,VANDENBUSSCHE Goedele,976,34:03,3:40,867,2:00:46,1:29,340,33:36,Finish,3:13:36,18/51,F35-39
742.,348,ROUBY Noémie,221,25:58,3:09,928,2:02:47,1:31,837,40:13,Finish,3:13:40,5/8,F18-19
744.,837,KECK Catherine,557,29:43,3:33,791,1:58:00,1:58,853,40:26,Finish,3:13:42,9/43,F50-54
748.,1387,CHAVANEL Sophie,566,29:47,5:17,910,2:02:11,2:12,426,34:37,Finish,3:14:07,16/40,F40-44
749.,1009,HOFER Caroline,320,27:24,2:20,894,2:01:45,2:04,858,40:34,Finish,3:14:09,19/51,F35-39
752.,661,TABERHAM Julia,526,29:21,3:47,687,1:53:56,3:06,1075,44:03,Finish,3:14:15,1/13,F60-64
754.,1429,MARCHAL Lucie,1283,39:11,7:17,622,1:51:32,3:16,308,33:03,Finish,3:14:21,34/93,F25-29
755.,786,BONAIME Adeline,424,28:35,3:05,932,2:02:57,1:40,688,38:06,Finish,3:14:24,12/52,F45-49
759.,1299,THIBAUD Elise,612,30:07,3:07,887,2:01:23,1:27,719,38:35,Finish,3:14:41,28/81,F30-34
760.,1573,THELLIER Clémence,1184,36:24,3:55,742,1:55:47,1:37,593,36:59,Finish,3:14:44,14/26,F20-24
775.,349,HILGER Lise,666,30:36,3:28,823,1:59:09,4:44,628,37:25,Finish,3:15:24,20/51,F35-39
777.,482,CARIVENC Lise,651,30:30,3:13,816,1:58:56,2:11,865,40:39,Finish,3:15:30,35/93,F25-29
780.,448,ROUSSEAU Coline,459,28:47,3:01,806,1:58:35,1:36,1058,43:37,Finish,3:15:39,36/93,F25-29
782.,196,TRIQUET Sarah,1056,34:48,3:36,762,1:56:53,1:46,740,38:52,Finish,3:15:57,37/93,F25-29
783.,1492,DESPUJOLS Helena,1059,34:49,8:12,572,1:49:59,3:17,807,39:38,Finish,3:15:58,29/81,F30-34
785.,455,SAENZ Sandra,335,27:35,4:03,849,2:00:15,2:07,965,42:05,Finish,3:16:07,10/43,F50-54
786.,72,ARIS Sophie,231,26:05,2:40,890,2:01:38,1:17,1100,44:29,Finish,3:16:10,17/40,F40-44
788.,47,DIEUZAIDE Clara,209,25:42,2:55,984,2:05:44,1:28,846,40:21,Finish,3:16:12,15/26,F20-24
790.,1611,CHALAND Fanny,745,31:26,4:37,905,2:02:01,1:48,551,36:25,Finish,3:16:18,30/81,F30-34
791.,783,DUMARTIN Camille,1252,38:20,3:29,695,1:54:06,1:31,749,38:57,Finish,3:16:24,38/93,F25-29
794.,557,KANG Kang,1180,36:22,3:50,767,1:56:59,1:28,662,37:49,Finish,3:16:30,31/81,F30-34
796.,1174,ROCHA Angélique,1144,35:49,4:15,790,1:58:00,1:56,561,36:31,Finish,3:16:34,13/52,F45-49
798.,926,TARDY Camille,91,23:29,3:40,968,2:05:03,3:20,899,41:06,Finish,3:16:41,32/81,F30-34
903.,107,VIBERT Wendy,938,33:27,4:30,884,2:01:18,2:16,863,40:38,Finish,3:22:11,45/93,F25-29
904.,135,LOUSSOUARN Cassandra,972,34:01,2:36,1023,2:07:37,1:24,560,36:31,Finish,3:22:12,40/81,F30-34
905.,525,VILA Isaura,330,27:30,4:58,990,2:06:12,3:13,855,40:28,Finish,3:22:23,29/51,F35-39
908.,1306,CRIBIER Aurélie,850,32:26,4:15,874,2:01:02,2:34,972,42:10,Finish,3:22:28,17/26,F20-24
909.,111,TRISOLINI Jennifer,1041,34:41,4:08,880,2:01:12,2:59,795,39:32,Finish,3:22:34,30/51,F35-39
911.,1551,FROISSARD Sandrine,1106,35:15,5:03,826,1:59:12,2:27,862,40:38,Finish,3:22:37,18/52,F45-49
914.,464,EL KURDI Maya,344,27:42,4:01,1129,2:13:45,1:54,474,35:24,Finish,3:22:47,46/93,F25-29
916.,733,HOTSTON MOORE Esme,687,30:46,5:47,970,2:05:06,2:16,763,39:08,Finish,3:23:06,47/93,F25-29
920.,690,DAVIES Alice,891,32:51,3:54,1040,2:08:34,1:45,549,36:23,Finish,3:23:29,48/93,F25-29
921.,186,DOGOT Chloé,242,26:13,3:44,1004,2:06:51,1:46,1116,44:55,Finish,3:23:31,49/93,F25-29
928.,1332,BALSAC Mathilde,534,29:29,3:41,993,2:06:15,2:51,931,41:37,Finish,3:23:56,41/81,F30-34
930.,365,CAILLAUD Chloé,750,31:27,2:49,1053,2:09:16,1:36,737,38:49,Finish,3:23:59,50/93,F25-29
931.,1284,ZENOU Alice,1420,47:12,,-,,,-,,Finish,3:24:00,42/81,F30-34
934.,1367,CARBONE Charlotte,763,31:31,3:25,1033,2:08:08,2:17,738,38:50,Finish,3:24:12,43/81,F30-34
936.,80,GUINARD BOSSE Christel,1010,34:22,3:28,1017,2:07:23,2:22,573,36:44,Finish,3:24:21,31/51,F35-39
939.,803,BENARD Marina,584,29:55,4:06,1045,2:08:47,2:07,810,39:40,Finish,3:24:37,19/52,F45-49
945.,1178,BERG Christelle,187,25:27,3:23,1077,2:10:32,2:02,1047,43:26,Finish,3:24:51,32/51,F35-39
948.,99,AUDOIN Céline,578,29:53,3:05,1068,2:10:03,1:36,847,40:22,Finish,3:25:00,33/51,F35-39
950.,1179,RAYMOND Magalie,1157,36:04,4:00,853,2:00:20,1:49,1006,42:47,Finish,3:25:01,22/40,F40-44
963.,1439,ROETTGER Manon,1115,35:21,4:11,994,2:06:16,2:06,699,38:14,Finish,3:26:10,51/93,F25-29
970.,1621,ZOLLINO Sophie,1413,46:41,5:30,651,1:52:45,2:05,786,39:27,Finish,3:26:31,34/51,F35-39
971.,694,FASEY Kirsten,741,31:24,5:20,987,2:05:57,1:56,952,41:54,Finish,3:26:34,20/52,F45-49
974.,236,THIRY Aurélie,872,32:43,3:21,939,2:03:17,2:22,1113,44:52,Finish,3:26:38,44/81,F30-34
975.,507,REPELIN Gwenaelle,959,33:50,,-,,,-,,Finish,3:26:39,35/51,F35-39
976.,572,SERGI Blandine,1204,36:52,4:46,975,2:05:17,1:54,677,37:57,Finish,3:26:47,52/93,F25-29
977.,1185,DE MARNE Sabine,514,29:16,3:05,1079,2:10:45,2:25,905,41:15,Finish,3:26:48,14/43,F50-54
980.,663,PIP Brady,1173,36:14,5:37,980,2:05:40,2:46,569,36:41,Finish,3:27:00,2/16,F55-59
983.,389,HAMELIN Elodie,497,29:06,4:20,1089,2:11:16,1:52,867,40:39,Finish,3:27:15,45/81,F30-34
988.,946,SOULHOL Mathilde,1129,35:35,5:25,922,2:02:35,3:00,896,41:05,Finish,3:27:42,53/93,F25-29
995.,1548,WELLER Marine,582,29:54,3:48,1123,2:13:34,1:47,764,39:08,Finish,3:28:13,46/81,F30-34
996.,231,TENEY Laurence,907,33:06,4:04,996,2:06:30,1:26,1033,43:12,Finish,3:28:19,36/51,F35-39
997.,241,DELCOUR Sylvie,1149,35:54,3:30,998,2:06:33,1:37,873,40:44,Finish,3:28:20,21/52,F45-49
1004.,576,SCHMITT Chloé,730,31:18,3:39,1043,2:08:40,2:02,1022,43:04,Finish,3:28:46,54/93,F25-29
1005.,912,DANIEL Manon,1260,38:27,3:47,978,2:05:30,1:59,757,39:04,Finish,3:28:49,47/81,F30-34
1009.,724,LEMANSKI Charlotte,1064,34:53,4:16,1038,2:08:31,1:54,794,39:30,Finish,3:29:07,22/52,F45-49
1025.,741,CORRAND Ainsley,1310,39:49,6:36,949,2:03:46,1:59,692,38:10,Finish,3:30:22,15/43,F50-54
1030.,840,DE JONG Christel,967,33:56,3:36,1082,2:10:52,2:14,875,40:46,Finish,3:31:26,23/52,F45-49
1032.,1328,LAUNAY Marie-Adélie,595,29:59,2:55,1168,2:16:58,2:05,796,39:32,Finish,3:31:32,48/81,F30-34
1033.,975,VIARIZZO Luigina,762,31:31,4:13,1104,2:12:13,1:43,945,41:50,Finish,3:31:33,3/16,F55-59
1035.,1557,VANDAMME Céline,1042,34:41,6:41,1046,2:08:51,4:11,612,37:09,Finish,3:31:36,49/81,F30-34
1036.,498,NAULEAU Angéline,1004,34:20,3:01,1102,2:12:10,2:07,822,39:58,Finish,3:31:38,50/81,F30-34
1039.,1163,PODOLAKOVA Martina,995,34:13,4:26,1024,2:07:42,2:06,1043,43:24,Finish,3:31:53,51/81,F30-34
1040.,44,LEROYER Mathilde,571,29:50,3:06,1128,2:13:41,2:39,999,42:41,Finish,3:31:58,52/81,F30-34
1042.,922,VELIN Marie-Laure,489,29:04,5:28,1188,2:18:09,2:36,571,36:42,Finish,3:32:01,55/93,F25-29
1043.,749,MASTERTON Claire,734,31:21,5:30,1032,2:08:07,4:35,987,42:27,Finish,3:32:02,23/40,F40-44
1045.,1251,QUEMENER Juliette,1178,36:19,4:15,1044,2:08:45,2:09,869,40:41,Finish,3:32:10,53/81,F30-34
1048.,723,SEARLE Lucy,886,32:49,4:05,899,2:01:52,5:00,1255,48:39,Finish,3:32:27,37/51,F35-39
1049.,1349,GEORGES Fabienne,1332,40:32,4:37,962,2:04:47,3:06,784,39:27,Finish,3:32:30,24/52,F45-49
1050.,109,ANDREA Maud,1186,36:27,4:08,1052,2:09:11,2:12,866,40:39,Finish,3:32:38,54/81,F30-34
1055.,1524,BAUDIER Sabine,753,31:28,4:42,1112,2:12:49,2:11,966,42:06,Finish,3:33:19,4/16,F55-59
1058.,682,SATCHWELL Rachael,1101,35:13,4:49,1064,2:09:50,2:07,938,41:47,Finish,3:33:49,25/52,F45-49
1059.,1104,HELSLOOT Odette,325,27:28,2:59,1157,2:16:19,1:56,1131,45:06,Finish,3:33:50,56/93,F25-29
1062.,376,NOWAK Lea,1074,34:59,3:45,1019,2:07:24,1:56,1183,46:05,Finish,3:34:12,18/26,F20-24
1064.,478,LAJOIE Sybille,170,25:12,3:31,1163,2:16:33,2:50,1193,46:32,Finish,3:34:39,57/93,F25-29
1065.,1239,PUISEUX Laetitia,1117,35:24,3:47,1071,2:10:08,2:08,1030,43:11,Finish,3:34:39,19/26,F20-24
1066.,1549,DE BREK Eléonore,1274,38:55,5:02,1054,2:09:21,2:05,775,39:19,Finish,3:34:44,58/93,F25-29
1067.,391,DE BREK Pascale,1099,35:11,4:13,1130,2:13:50,2:21,762,39:07,Finish,3:34:44,3/13,F60-64
1068.,215,GENICOT Stéphanie,1102,35:13,4:38,1039,2:08:34,2:39,1061,43:39,Finish,3:34:45,26/52,F45-49
1070.,1196,FLEURE Valentine,297,26:57,3:16,1165,2:16:53,2:35,1133,45:08,Finish,3:34:51,59/93,F25-29
1088.,628,CURIE-MONIER Nadege,1104,35:14,4:49,1085,2:11:07,2:52,989,42:31,Finish,3:36:35,24/40,F40-44
1089.,604,FALOMI Magali,1055,34:48,4:51,974,2:05:17,2:04,1279,49:38,Finish,3:36:40,16/43,F50-54
1092.,1604,GROULET Fanny,933,33:24,5:43,1020,2:07:30,5:00,1135,45:10,Finish,3:36:48,55/81,F30-34
1093.,942,GOUR Anne Sophie,1193,36:39,4:16,1049,2:09:05,3:20,1053,43:29,Finish,3:36:50,27/52,F45-49
1097.,427,LESCURE Sandrine,1018,34:26,4:35,1070,2:10:04,2:12,1180,46:01,Finish,3:37:20,5/16,F55-59
1099.,1131,LARA Koenis,1044,34:42,2:48,1156,2:16:18,1:49,944,41:50,Finish,3:37:29,60/93,F25-29
1101.,353,HOULETTE Julie,1025,34:31,4:59,1078,2:10:45,2:16,1130,45:05,Finish,3:37:39,28/52,F45-49
1103.,1159,JEDWABNY Julia,1110,35:18,3:11,1066,2:09:55,2:38,1197,46:42,Finish,3:37:45,38/51,F35-39
1104.,1003,PARELLE Anne,1222,37:26,3:13,1080,2:10:50,2:08,1085,44:12,Finish,3:37:52,29/52,F45-49
1107.,1273,PERTIN Sophie,1122,35:29,4:58,1146,2:15:18,2:54,777,39:20,Finish,3:38:01,61/93,F25-29
1111.,1634,HAMTIAUX Myriam,809,31:52,3:57,1001,2:06:43,5:59,1282,49:52,Finish,3:38:24,62/93,F25-29
1112.,1064,HOUMARD Anne,1033,34:35,6:55,1034,2:08:19,3:26,1139,45:12,Finish,3:38:28,25/40,F40-44
1114.,591,HILAIRE Marianne,1267,38:42,4:11,1124,2:13:38,2:23,802,39:36,Finish,3:38:32,63/93,F25-29
1116.,1224,PERISSIER Claire,1001,34:17,3:49,1118,2:13:26,1:55,1137,45:11,Finish,3:38:40,56/81,F30-34
1123.,1576,GUILLUY Hélène,1021,34:27,3:25,1155,2:16:08,2:48,997,42:40,Finish,3:39:31,26/40,F40-44
1125.,1202,AUBOUY Delphine,984,34:07,4:45,1126,2:13:40,2:06,1118,44:56,Finish,3:39:35,30/52,F45-49
1126.,431,CHAUMAZ Fabienne,598,30:00,3:54,1210,2:19:46,1:52,1083,44:09,Finish,3:39:43,17/43,F50-54
1128.,1478,MONSTIER Marion,-,,,-,,,744,38:53,Finish,3:39:49,57/81,F30-34
1132.,687,PERCIVAL Samantha,296,26:53,2:59,1185,2:17:56,3:04,1264,49:01,Finish,3:39:56,58/81,F30-34
1134.,677,BECK Nicole,671,30:37,3:35,1253,2:23:57,2:48,790,39:29,Finish,3:40:28,59/81,F30-34
1139.,384,CENTOFANTI Marion,1052,34:46,4:09,1235,2:22:16,1:57,683,38:01,Finish,3:41:12,39/51,F35-39
1141.,1047,LEBRUN Lola,1230,37:36,2:55,1189,2:18:15,2:02,870,40:41,Finish,3:41:30,20/26,F20-24
1146.,681,WHEELER Mel,1143,35:48,4:24,1175,2:17:27,2:12,968,42:09,Finish,3:42:01,18/43,F50-54
1148.,910,KERSTEN Charlène,1116,35:22,4:22,1113,2:12:55,2:35,1204,46:47,Finish,3:42:03,64/93,F25-29
1149.,515,IZQUIERDO Rocio,847,32:21,3:53,1117,2:13:20,2:28,1291,50:13,Finish,3:42:17,40/51,F35-39
1152.,316,TEISSIER Victoria,1134,35:36,4:19,1060,2:09:40,2:19,1299,50:24,Finish,3:42:20,60/81,F30-34
1154.,95,FORTINEAU Aurélie,585,29:55,3:10,1178,2:17:33,1:58,1286,49:55,Finish,3:42:32,27/40,F40-44
1159.,146,BIBLOT Virginie,952,33:42,3:44,1160,2:16:24,2:42,1187,46:14,Finish,3:42:48,19/43,F50-54
1161.,1419,DIDELLE Margaux,661,30:34,,-,,,-,,Finish,3:42:52,65/93,F25-29
1162.,314,SAUVETRE Bénédicte,1166,36:08,4:27,1147,2:15:21,2:49,1082,44:08,Finish,3:42:55,28/40,F40-44
1165.,1498,TAVAN Camille,1433,52:28,5:05,976,2:05:19,1:52,714,38:28,Finish,3:43:14,66/93,F25-29
1166.,246,TALLIER Sarah,1254,38:22,3:46,1159,2:16:22,3:22,913,41:22,Finish,3:43:16,67/93,F25-29
1169.,721,WOODCOCK Megan,1169,36:11,3:55,1094,2:11:31,3:07,1259,48:48,Finish,3:43:34,61/81,F30-34
1175.,1436,PONCHELET Marianne,674,30:40,6:21,1225,2:21:25,2:44,1017,42:58,Finish,3:44:09,62/81,F30-34
1178.,445,BOISSON Mathilde,628,30:18,4:22,1205,2:19:25,2:46,1232,47:34,Finish,3:44:27,20/43,F50-54
1179.,631,MINOUX Heidi,898,33:01,3:14,1187,2:18:03,1:54,1247,48:14,Finish,3:44:29,31/52,F45-49
1181.,670,ROUSSEL Thifaine,889,32:50,3:30,1217,2:20:28,2:19,1166,45:49,Finish,3:44:59,68/93,F25-29
1183.,1053,BARCHIESI Marie,1313,39:56,5:18,1154,2:16:04,2:27,923,41:32,Finish,3:45:19,4/13,F60-64
1184.,306,EPINAT Magali,1249,38:13,5:51,1139,2:14:47,2:18,1090,44:17,Finish,3:45:27,32/52,F45-49
1185.,1166,MOUROT Coline,567,29:48,2:50,1266,2:25:48,1:48,1141,45:15,Finish,3:45:31,7/8,F18-19
1186.,321,COTTON BAYET Jessica,767,31:32,3:50,1172,2:17:08,4:57,1246,48:12,Finish,3:45:41,33/52,F45-49
1187.,808,LEVAUX Marie-Reine,951,33:41,3:59,1204,2:19:24,2:51,1170,45:53,Finish,3:45:49,34/52,F45-49
1190.,1558,MAURY Céline,870,32:41,5:23,1206,2:19:39,1:25,1222,47:22,Finish,3:46:32,21/43,F50-54
1194.,878,PETIT Sophie,935,33:26,4:05,1246,2:23:30,2:37,1036,43:18,Finish,3:46:57,41/51,F35-39
1196.,743,CONFORT Lara,1147,35:52,6:34,1174,2:17:20,3:24,1068,43:47,Finish,3:47:00,6/16,F55-59
1197.,920,SANCHEZ Margot,1079,35:02,3:55,1222,2:20:59,2:03,1123,44:59,Finish,3:47:00,63/81,F30-34
1200.,102,OLIVE Adéloïse,472,28:55,3:26,1233,2:22:11,2:38,1289,50:02,Finish,3:47:14,21/26,F20-24
1203.,713,SAMPSON Melanie,1214,37:13,5:20,1153,2:16:03,3:28,1179,46:01,Finish,3:48:06,35/52,F45-49
1208.,1101,ROELINK Marieke,579,29:53,5:33,1227,2:21:37,3:41,1234,47:38,Finish,3:48:25,22/43,F50-54
1211.,1056,AUBRY Sandrine,1046,34:44,4:27,1243,2:23:06,2:18,1088,44:15,Finish,3:48:52,7/16,F55-59
1215.,1337,HUTTMANN Coline,379,28:00,4:34,1281,2:27:47,3:32,1142,45:15,Finish,3:49:10,64/81,F30-34
1216.,1447,FUCHS Joelle,657,30:33,3:58,1286,2:28:08,2:38,1080,44:05,Finish,3:49:23,29/40,F40-44
1217.,1497,JAS Laura,292,26:49,5:02,1226,2:21:25,3:22,1336,52:53,Finish,3:49:33,69/93,F25-29
1218.,138,MAGANA Aude,1262,38:29,6:24,1184,2:17:45,2:36,1092,44:20,Finish,3:49:36,23/43,F50-54
1219.,363,ALNABULSI Hana,843,32:20,3:30,1277,2:27:21,2:49,1073,43:58,Finish,3:50:01,70/93,F25-29
1228.,655,CHAPMAN Collette,888,32:50,6:05,1236,2:22:25,4:38,1124,45:00,Finish,3:50:59,36/52,F45-49
1230.,262,KIEVITS Alyssa,1133,35:36,2:46,1242,2:23:04,2:32,1218,47:11,Finish,3:51:10,65/81,F30-34
1236.,826,CRUCHET Cindy,185,25:26,4:19,1258,2:24:27,3:33,1343,53:54,Finish,3:51:40,66/81,F30-34
1240.,1544,SENTUBERY Camille,1207,36:59,4:47,1198,2:18:42,2:49,1256,48:43,Finish,3:52:02,42/51,F35-39
1242.,408,FALGOUX Marie,1077,35:01,5:22,1231,2:21:51,3:07,1202,46:46,Finish,3:52:09,71/93,F25-29
1244.,813,RAIMBEAU Alizée,776,31:35,4:01,1297,2:29:27,2:34,1110,44:50,Finish,3:52:29,67/81,F30-34
1246.,274,DEVIS Victoria,1103,35:13,3:33,1259,2:25:10,2:17,1192,46:31,Finish,3:52:46,68/81,F30-34
1249.,1614,LIBERT Anne,1120,35:28,4:00,1274,2:27:01,3:12,1048,43:26,Finish,3:53:08,69/81,F30-34
1250.,42,HARAUX Hélène,1175,36:15,6:02,1191,2:18:21,5:09,1230,47:32,Finish,3:53:21,37/52,F45-49
1252.,249,CHRISTOPHE Valérie,1035,34:35,4:46,1265,2:25:47,2:56,1152,45:30,Finish,3:53:37,24/43,F50-54
1256.,669,RICHARDSON Louise,817,31:59,8:11,1256,2:24:10,4:47,1163,45:46,Finish,3:54:55,38/52,F45-49
1265.,736,KING Jane,437,28:39,5:28,1308,2:31:33,3:12,1203,46:46,Finish,3:55:41,1/2,F65-69
1271.,868,BUSHART Hêlîn,1287,39:16,6:18,1192,2:18:22,1:53,1309,50:49,Finish,3:56:40,72/93,F25-29
1274.,953,VIGREUX Eliana,1292,39:21,6:37,1234,2:22:14,5:04,1072,43:58,Finish,3:57:15,22/26,F20-24
1275.,978,CATERINA Vacchi,1297,39:34,5:47,1263,2:25:35,2:12,1084,44:10,Finish,3:57:20,39/52,F45-49
1276.,1226,SABARDU Ophélie,1005,34:20,3:01,1310,2:31:53,2:32,1157,45:41,Finish,3:57:29,73/93,F25-29
1279.,108,GROSSI Adélaïde,917,33:13,4:31,1294,2:29:19,2:37,1242,48:04,Finish,3:57:46,74/93,F25-29
1282.,256,DOUNY Isabelle,597,30:00,3:39,1348,2:36:53,2:29,1114,44:54,Finish,3:57:56,30/40,F40-44
1283.,1105,VAN LANGEN Susanne,1109,35:17,6:16,1299,2:29:54,3:18,1041,43:21,Finish,3:58:08,25/43,F50-54
1284.,337,BARRE BOUTILLIER Vanessa,822,32:02,4:45,1288,2:28:32,3:14,1280,49:42,Finish,3:58:16,26/43,F50-54
1286.,1289,MANGIN Sandrine,1411,45:57,5:55,1149,2:15:38,5:07,1175,45:58,Finish,3:58:37,31/40,F40-44
1287.,399,PERES Naomi,1047,34:44,3:12,1292,2:28:59,3:09,1254,48:31,Finish,3:58:38,70/81,F30-34
1288.,909,GOBILLOT Mathilde,622,30:16,4:30,1351,2:37:36,2:41,1055,43:34,Finish,3:58:39,71/81,F30-34
1291.,1107,DE WIT Anna,76,23:05,2:26,1320,2:32:41,4:07,1362,56:29,Finish,3:58:51,75/93,F25-29
1294.,539,MARIA DOLORES Belén Veracruz,1306,39:45,5:06,1237,2:22:28,4:22,1251,48:18,Finish,4:00:02,8/16,F55-59
1203.,713,SAMPSON Melanie,1214,37:13,5:20,1153,2:16:03,3:28,1179,46:01,Finish,3:48:06,35/52,F45-49
1208.,1101,ROELINK Marieke,579,29:53,5:33,1227,2:21:37,3:41,1234,47:38,Finish,3:48:25,22/43,F50-54
1211.,1056,AUBRY Sandrine,1046,34:44,4:27,1243,2:23:06,2:18,1088,44:15,Finish,3:48:52,7/16,F55-59
1215.,1337,HUTTMANN Coline,379,28:00,4:34,1281,2:27:47,3:32,1142,45:15,Finish,3:49:10,64/81,F30-34
1216.,1447,FUCHS Joelle,657,30:33,3:58,1286,2:28:08,2:38,1080,44:05,Finish,3:49:23,29/40,F40-44
1217.,1497,JAS Laura,292,26:49,5:02,1226,2:21:25,3:22,1336,52:53,Finish,3:49:33,69/93,F25-29
1218.,138,MAGANA Aude,1262,38:29,6:24,1184,2:17:45,2:36,1092,44:20,Finish,3:49:36,23/43,F50-54
1219.,363,ALNABULSI Hana,843,32:20,3:30,1277,2:27:21,2:49,1073,43:58,Finish,3:50:01,70/93,F25-29
1228.,655,CHAPMAN Collette,888,32:50,6:05,1236,2:22:25,4:38,1124,45:00,Finish,3:50:59,36/52,F45-49
1230.,262,KIEVITS Alyssa,1133,35:36,2:46,1242,2:23:04,2:32,1218,47:11,Finish,3:51:10,65/81,F30-34
1236.,826,CRUCHET Cindy,185,25:26,4:19,1258,2:24:27,3:33,1343,53:54,Finish,3:51:40,66/81,F30-34
1240.,1544,SENTUBERY Camille,1207,36:59,4:47,1198,2:18:42,2:49,1256,48:43,Finish,3:52:02,42/51,F35-39
1242.,408,FALGOUX Marie,1077,35:01,5:22,1231,2:21:51,3:07,1202,46:46,Finish,3:52:09,71/93,F25-29
1244.,813,RAIMBEAU Alizée,776,31:35,4:01,1297,2:29:27,2:34,1110,44:50,Finish,3:52:29,67/81,F30-34
1246.,274,DEVIS Victoria,1103,35:13,3:33,1259,2:25:10,2:17,1192,46:31,Finish,3:52:46,68/81,F30-34
1249.,1614,LIBERT Anne,1120,35:28,4:00,1274,2:27:01,3:12,1048,43:26,Finish,3:53:08,69/81,F30-34
1250.,42,HARAUX Hélène,1175,36:15,6:02,1191,2:18:21,5:09,1230,47:32,Finish,3:53:21,37/52,F45-49
1252.,249,CHRISTOPHE Valérie,1035,34:35,4:46,1265,2:25:47,2:56,1152,45:30,Finish,3:53:37,24/43,F50-54
1256.,669,RICHARDSON Louise,817,31:59,8:11,1256,2:24:10,4:47,1163,45:46,Finish,3:54:55,38/52,F45-49
1265.,736,KING Jane,437,28:39,5:28,1308,2:31:33,3:12,1203,46:46,Finish,3:55:41,1/2,F65-69
1271.,868,BUSHART Hêlîn,1287,39:16,6:18,1192,2:18:22,1:53,1309,50:49,Finish,3:56:40,72/93,F25-29
1274.,953,VIGREUX Eliana,1292,39:21,6:37,1234,2:22:14,5:04,1072,43:58,Finish,3:57:15,22/26,F20-24
1275.,978,CATERINA Vacchi,1297,39:34,5:47,1263,2:25:35,2:12,1084,44:10,Finish,3:57:20,39/52,F45-49
1276.,1226,SABARDU Ophélie,1005,34:20,3:01,1310,2:31:53,2:32,1157,45:41,Finish,3:57:29,73/93,F25-29
1279.,108,GROSSI Adélaïde,917,33:13,4:31,1294,2:29:19,2:37,1242,48:04,Finish,3:57:46,74/93,F25-29
1282.,256,DOUNY Isabelle,597,30:00,3:39,1348,2:36:53,2:29,1114,44:54,Finish,3:57:56,30/40,F40-44
1283.,1105,VAN LANGEN Susanne,1109,35:17,6:16,1299,2:29:54,3:18,1041,43:21,Finish,3:58:08,25/43,F50-54
1284.,337,BARRE BOUTILLIER Vanessa,822,32:02,4:45,1288,2:28:32,3:14,1280,49:42,Finish,3:58:16,26/43,F50-54
1286.,1289,MANGIN Sandrine,1411,45:57,5:55,1149,2:15:38,5:07,1175,45:58,Finish,3:58:37,31/40,F40-44
1287.,399,PERES Naomi,1047,34:44,3:12,1292,2:28:59,3:09,1254,48:31,Finish,3:58:38,70/81,F30-34
1288.,909,GOBILLOT Mathilde,622,30:16,4:30,1351,2:37:36,2:41,1055,43:34,Finish,3:58:39,71/81,F30-34
1291.,1107,DE WIT Anna,76,23:05,2:26,1320,2:32:41,4:07,1362,56:29,Finish,3:58:51,75/93,F25-29
1294.,539,MARIA DOLORES Belén Veracruz,1306,39:45,5:06,1237,2:22:28,4:22,1251,48:18,Finish,4:00:02,8/16,F55-59
1401.,521,PERAL FERNANDEZ Lorena,-,,,-,,,-,,Finish,4:41:27,36/40,F40-44
1402.,1388,RABUT Catherine,1439,58:39,4:43,1374,2:46:55,2:19,1314,51:04,Finish,4:43:41,37/40,F40-44
1403.,200,GAUVAIN Audrey,1380,42:15,4:43,1395,3:02:10,2:20,1330,52:11,Finish,4:43:41,45/51,F35-39
1404.,928,PRELOT Olivia,744,31:25,,-,,,-,,Finish,4:47:39,74/81,F30-34
1405.,283,FLASSE Vic,895,32:56,6:46,1401,3:07:11,3:14,1383,1:01:05,Finish,4:51:15,25/26,F20-24
1406.,1554,CAMILLE Bensiam,871,32:41,5:26,1400,3:06:01,2:51,1391,1:06:34,Finish,4:53:36,81/93,F25-29
1407.,1167,MOUROT Anne-Lise,1108,35:16,3:42,1405,3:13:29,1:48,1381,1:00:22,Finish,4:54:38,45/52,F45-49
1408.,656,WHEAVER Rebecca,1428,49:21,6:29,1411,3:23:57,,-,,Finish,4:58:30,46/51,F35-39
1409.,745,SHE Michelle,1410,45:53,9:10,1393,3:01:21,3:19,1384,1:01:48,Finish,5:01:33,82/93,F25-29
1410.,266,JUEZ PONCE Anouska,1438,56:04,10:05,1371,2:45:43,2:50,1392,1:06:49,Finish,5:01:33,75/81,F30-34
1411.,763,BYRNE Kathleen,-,,,-,,,-,,Finish,5:05:08,12/16,F55-59
1418.,1130,LAMMERTINK Ans,911,33:08,4:50,-,,,-,,Huez,3:10:46,-,F55-59
1419.,611,ROUSSET Florence,1311,39:51,9:25,-,,,-,,Huez,3:28:14,-,F50-54
1422.,55,DESGAGNY Cléo,977,34:03,3:19,-,,,-,,La Garde,1:57:51,-,F30-34
STRT,24,ROMAN Camille,-,,,-,,,-,,start,0:00:00,-,ELF
STRT,40,AL FASSIH Line,-,,,-,,,-,,start,0:00:00,-,F35-39
STRT,114,MARTIN Camille,-,,,-,,,-,,start,0:00:00,-,F25-29
STRT,247,JANDRAIN Ingrid,-,,,-,,,-,,start,0:00:00,-,F40-44
STRT,273,SNOECKX Evie,-,,,-,,,-,,start,0:00:00,-,F45-49
STRT,279,ROUVEZ Sébastien,-,,,-,,,-,,start,0:00:00,-,F30-34
STRT,325,VALTAT Celine,-,,,-,,,-,,start,0:00:00,-,F45-49
STRT,329,AKOUN-GAIFFE Cécile,-,,,-,,,-,,start,0:00:00,-,F60-64
STRT,356,DARGET LACOSTE Valérie,-,,,-,,,-,,start,0:00:00,-,F50-54
STRT,362,HENZELIN Valerie,-,,,-,,,-,,start,0:00:00,-,F50-54
STRT,505,DASSAUD-GALLIEN Marie,-,,,-,,,-,,start,0:00:00,-,F60-64
STRT,509,MENDIA GARDIA Irati,-,,,-,,,-,,start,0:00:00,-,F25-29
STRT,544,MAZO Maria,-,,,-,,,-,,start,0:00:00,-,F45-49
STRT,644,ZACKS Leslie,-,,,-,,,-,,start,0:00:00,-,F55-59
STRT,645,DONLEVIE Megan,-,,,-,,,-,,start,0:00:00,-,F18-19
STRT,648,LACEY Una,-,,,-,,,-,,start,0:00:00,-,F50-54
STRT,649,GARDNER Sarah-Jane,-,,,-,,,-,,start,0:00:00,-,F45-49
STRT,651,PERCIVAL Sarah,-,,,-,,,-,,start,0:00:00,-,F60-64
STRT,653,KELSALL Claudia,-,,,-,,,-,,start,0:00:00,-,F25-29
STRT,657,FENN Maggie,-,,,-,,,-,,start,0:00:00,-,F45-49
STRT,658,FILKINS Terri,-,,,-,,,-,,start,0:00:00,-,F65-69
STRT,697,PETER Tori,-,,,-,,,-,,start,0:00:00,-,F50-54
STRT,702,PEEL Hannah,-,,,-,,,-,,start,0:00:00,-,F40-44
STRT,759,KELLY Paula,-,,,-,,,-,,start,0:00:00,-,F35-39
STRT,785,BEROD Marielle,-,,,-,,,-,,start,0:00:00,-,F25-29
STRT,789,GUERIN Celine,-,,,-,,,-,,start,0:00:00,-,F25-29
STRT,819,GEFFARD Camille,-,,,-,,,-,,start,0:00:00,-,F25-29
STRT,857,GOECKE Caroline,-,,,-,,,-,,start,0:00:00,-,F35-39
STRT,955,DUCHEMANE Victorine,-,,,-,,,-,,start,0:00:00,-,F35-39
STRT,986,TORRETTI Paola,-,,,-,,,-,,start,0:00:00,-,F55-59
STRT,1083,PERRET Mélanie,-,,,-,,,-,,start,0:00:00,-,F25-29
STRT,1140,VAN DER WERFF Ilja,-,,,-,,,-,,start,0:00:00,-,F50-54
STRT,1141,VAN DER KOOIJ Tanya,-,,,-,,,-,,start,0:00:00,-,F40-44
STRT,1149,GUSSENHOVEN Ruth,-,,,-,,,-,,start,0:00:00,-,F30-34
STRT,1156,VEDO Hilde,-,,,-,,,-,,start,0:00:00,-,F45-49
STRT,1189,REGNART Florie,-,,,-,,,-,,start,0:00:00,-,F30-34
STRT,1231,COLOMBIER Alexia,-,,,-,,,-,,start,0:00:00,-,F25-29
STRT,1261,LARONZE Maud,-,,,-,,,-,,start,0:00:00,-,F30-34
STRT,1308,BARBARIN Pauline,-,,,-,,,-,,start,0:00:00,-,F25-29
STRT,1406,ROY Sophie,-,,,-,,,-,,start,0:00:00,-,F55-59
STRT,1473,MASSON Loriane,-,,,-,,,-,,start,0:00:00,-,F25-29
STRT,1565,BREUILLE Michèle,-,,,-,,,-,,start,0:00:00,-,F60-64
STRT,1566,BREUILLE Laure,-,,,-,,,-,,start,0:00:00,-,F25-29
